<?xml version="1.0" encoding="UTF-8"?>
<metadata xml:lang="en"><Esri><CreaDate>20150401</CreaDate><CreaTime>16161900</CreaTime><ArcGISFormat>1.0</ArcGISFormat><SyncOnce>FALSE</SyncOnce><DataProperties><itemProps><itemName Sync="TRUE">Bara_Schools</itemName><imsContentType Sync="TRUE">002</imsContentType><itemSize Sync="TRUE">0.000</itemSize><itemLocation><linkage Sync="TRUE">file://\\ADMIN-PC\G$\Jagadish_2012\Full Bara Tehsil data\Bara_Schools.shp</linkage><protocol Sync="TRUE">Local Area Network</protocol></itemLocation></itemProps><coordRef><type Sync="TRUE">Geographic</type><geogcsn Sync="TRUE">GCS_WGS_1984</geogcsn><peXml Sync="TRUE">&lt;GeographicCoordinateSystem xsi:type='typens:GeographicCoordinateSystem' xmlns:xsi='http://www.w3.org/2001/XMLSchema-instance' xmlns:xs='http://www.w3.org/2001/XMLSchema' xmlns:typens='http://www.esri.com/schemas/ArcGIS/10.0'&gt;&lt;WKT&gt;GEOGCS[&amp;quot;GCS_WGS_1984&amp;quot;,DATUM[&amp;quot;D_WGS_1984&amp;quot;,SPHEROID[&amp;quot;WGS_1984&amp;quot;,6378137.0,298.257223563]],PRIMEM[&amp;quot;Greenwich&amp;quot;,0.0],UNIT[&amp;quot;Degree&amp;quot;,0.0174532925199433],AUTHORITY[&amp;quot;EPSG&amp;quot;,4326]]&lt;/WKT&gt;&lt;XOrigin&gt;-399.99999999999989&lt;/XOrigin&gt;&lt;YOrigin&gt;-399.99999999999989&lt;/YOrigin&gt;&lt;XYScale&gt;11258999068426.24&lt;/XYScale&gt;&lt;ZOrigin&gt;-100000&lt;/ZOrigin&gt;&lt;ZScale&gt;10000&lt;/ZScale&gt;&lt;MOrigin&gt;-100000&lt;/MOrigin&gt;&lt;MScale&gt;10000&lt;/MScale&gt;&lt;XYTolerance&gt;8.9831528411952133e-009&lt;/XYTolerance&gt;&lt;ZTolerance&gt;0.001&lt;/ZTolerance&gt;&lt;MTolerance&gt;0.001&lt;/MTolerance&gt;&lt;HighPrecision&gt;true&lt;/HighPrecision&gt;&lt;LeftLongitude&gt;-180&lt;/LeftLongitude&gt;&lt;WKID&gt;4326&lt;/WKID&gt;&lt;/GeographicCoordinateSystem&gt;</peXml></coordRef><lineage><Process ToolSource="C:\Program Files\ArcGIS\Desktop10.0\ArcToolbox\Toolboxes\Data Management Tools.tbx\Merge" Date="20150401" Time="161620">Merge 'G:\Jagadish_2012\shankarhargh\Shankar Garh\Point_ge.shp';'G:\Jagadish_2012\shankarhargh\P S Jamuhara bhat\Point_ge.shp';'G:\Jagadish_2012\shankarhargh\PS Chandra\shankargargh10.shp' "G:\Jagadish_2012\shankarhargh\Merged 164\shankargargh_164.shp" "Comment "Comment" true true false 32 Text 0 0 ,First,#,G:\Jagadish_2012\shankarhargh\Shankar Garh\Point_ge.shp,Comment,-1,-1,G:\Jagadish_2012\shankarhargh\P S Jamuhara bhat\Point_ge.shp,Comment,-1,-1,G:\Jagadish_2012\shankarhargh\PS Chandra\shankargargh10.shp,Comment,-1,-1;Max_PDOP "Max_PDOP" true true false 5 Float 1 4 ,First,#,G:\Jagadish_2012\shankarhargh\Shankar Garh\Point_ge.shp,Max_PDOP,-1,-1,G:\Jagadish_2012\shankarhargh\P S Jamuhara bhat\Point_ge.shp,Max_PDOP,-1,-1,G:\Jagadish_2012\shankarhargh\PS Chandra\shankargargh10.shp,Max_PDOP,-1,-1;Max_HDOP "Max_HDOP" true true false 5 Float 1 4 ,First,#,G:\Jagadish_2012\shankarhargh\Shankar Garh\Point_ge.shp,Max_HDOP,-1,-1,G:\Jagadish_2012\shankarhargh\P S Jamuhara bhat\Point_ge.shp,Max_HDOP,-1,-1,G:\Jagadish_2012\shankarhargh\PS Chandra\shankargargh10.shp,Max_HDOP,-1,-1;Corr_Type "Corr_Type" true true false 36 Text 0 0 ,First,#,G:\Jagadish_2012\shankarhargh\Shankar Garh\Point_ge.shp,Corr_Type,-1,-1,G:\Jagadish_2012\shankarhargh\P S Jamuhara bhat\Point_ge.shp,Corr_Type,-1,-1,G:\Jagadish_2012\shankarhargh\PS Chandra\shankargargh10.shp,Corr_Type,-1,-1;Rcvr_Type "Rcvr_Type" true true false 36 Text 0 0 ,First,#,G:\Jagadish_2012\shankarhargh\Shankar Garh\Point_ge.shp,Rcvr_Type,-1,-1,G:\Jagadish_2012\shankarhargh\P S Jamuhara bhat\Point_ge.shp,Rcvr_Type,-1,-1,G:\Jagadish_2012\shankarhargh\PS Chandra\shankargargh10.shp,Rcvr_Type,-1,-1;GPS_Date "GPS_Date" true true false 8 Date 0 0 ,First,#,G:\Jagadish_2012\shankarhargh\Shankar Garh\Point_ge.shp,GPS_Date,-1,-1,G:\Jagadish_2012\shankarhargh\P S Jamuhara bhat\Point_ge.shp,GPS_Date,-1,-1,G:\Jagadish_2012\shankarhargh\PS Chandra\shankargargh10.shp,GPS_Date,-1,-1;GPS_Time "GPS_Time" true true false 10 Text 0 0 ,First,#,G:\Jagadish_2012\shankarhargh\Shankar Garh\Point_ge.shp,GPS_Time,-1,-1,G:\Jagadish_2012\shankarhargh\P S Jamuhara bhat\Point_ge.shp,GPS_Time,-1,-1,G:\Jagadish_2012\shankarhargh\PS Chandra\shankargargh10.shp,GPS_Time,-1,-1;Update_Sta "Update_Sta" true true false 36 Text 0 0 ,First,#,G:\Jagadish_2012\shankarhargh\Shankar Garh\Point_ge.shp,Update_Sta,-1,-1,G:\Jagadish_2012\shankarhargh\P S Jamuhara bhat\Point_ge.shp,Update_Sta,-1,-1,G:\Jagadish_2012\shankarhargh\PS Chandra\shankargargh10.shp,Update_Sta,-1,-1;Feat_Name "Feat_Name" true true false 20 Text 0 0 ,First,#,G:\Jagadish_2012\shankarhargh\Shankar Garh\Point_ge.shp,Feat_Name,-1,-1,G:\Jagadish_2012\shankarhargh\P S Jamuhara bhat\Point_ge.shp,Feat_Name,-1,-1,G:\Jagadish_2012\shankarhargh\PS Chandra\shankargargh10.shp,Feat_Name,-1,-1;Datafile "Datafile" true true false 20 Text 0 0 ,First,#,G:\Jagadish_2012\shankarhargh\Shankar Garh\Point_ge.shp,Datafile,-1,-1,G:\Jagadish_2012\shankarhargh\P S Jamuhara bhat\Point_ge.shp,Datafile,-1,-1,G:\Jagadish_2012\shankarhargh\PS Chandra\shankargargh10.shp,Datafile,-1,-1;Unfilt_Pos "Unfilt_Pos" true true false 10 Double 0 10 ,First,#,G:\Jagadish_2012\shankarhargh\Shankar Garh\Point_ge.shp,Unfilt_Pos,-1,-1,G:\Jagadish_2012\shankarhargh\P S Jamuhara bhat\Point_ge.shp,Unfilt_Pos,-1,-1,G:\Jagadish_2012\shankarhargh\PS Chandra\shankargargh10.shp,Unfilt_Pos,-1,-1;Filt_Pos "Filt_Pos" true true false 10 Double 0 10 ,First,#,G:\Jagadish_2012\shankarhargh\Shankar Garh\Point_ge.shp,Filt_Pos,-1,-1,G:\Jagadish_2012\shankarhargh\P S Jamuhara bhat\Point_ge.shp,Filt_Pos,-1,-1,G:\Jagadish_2012\shankarhargh\PS Chandra\shankargargh10.shp,Filt_Pos,-1,-1;Data_Dicti "Data_Dicti" true true false 20 Text 0 0 ,First,#,G:\Jagadish_2012\shankarhargh\Shankar Garh\Point_ge.shp,Data_Dicti,-1,-1,G:\Jagadish_2012\shankarhargh\P S Jamuhara bhat\Point_ge.shp,Data_Dicti,-1,-1,G:\Jagadish_2012\shankarhargh\PS Chandra\shankargargh10.shp,Data_Dicti,-1,-1;GPS_Week "GPS_Week" true true false 6 Long 0 6 ,First,#,G:\Jagadish_2012\shankarhargh\Shankar Garh\Point_ge.shp,GPS_Week,-1,-1,G:\Jagadish_2012\shankarhargh\P S Jamuhara bhat\Point_ge.shp,GPS_Week,-1,-1,G:\Jagadish_2012\shankarhargh\PS Chandra\shankargargh10.shp,GPS_Week,-1,-1;GPS_Second "GPS_Second" true true false 12 Double 3 11 ,First,#,G:\Jagadish_2012\shankarhargh\Shankar Garh\Point_ge.shp,GPS_Second,-1,-1,G:\Jagadish_2012\shankarhargh\P S Jamuhara bhat\Point_ge.shp,GPS_Second,-1,-1,G:\Jagadish_2012\shankarhargh\PS Chandra\shankargargh10.shp,GPS_Second,-1,-1;GNSS_Heigh "GNSS_Heigh" true true false 16 Double 3 15 ,First,#,G:\Jagadish_2012\shankarhargh\Shankar Garh\Point_ge.shp,GNSS_Heigh,-1,-1,G:\Jagadish_2012\shankarhargh\P S Jamuhara bhat\Point_ge.shp,GNSS_Heigh,-1,-1,G:\Jagadish_2012\shankarhargh\PS Chandra\shankargargh10.shp,GNSS_Heigh,-1,-1;Vert_Prec "Vert_Prec" true true false 16 Double 1 15 ,First,#,G:\Jagadish_2012\shankarhargh\Shankar Garh\Point_ge.shp,Vert_Prec,-1,-1,G:\Jagadish_2012\shankarhargh\P S Jamuhara bhat\Point_ge.shp,Vert_Prec,-1,-1,G:\Jagadish_2012\shankarhargh\PS Chandra\shankargargh10.shp,Vert_Prec,-1,-1;Horz_Prec "Horz_Prec" true true false 16 Double 1 15 ,First,#,G:\Jagadish_2012\shankarhargh\Shankar Garh\Point_ge.shp,Horz_Prec,-1,-1,G:\Jagadish_2012\shankarhargh\P S Jamuhara bhat\Point_ge.shp,Horz_Prec,-1,-1,G:\Jagadish_2012\shankarhargh\PS Chandra\shankargargh10.shp,Horz_Prec,-1,-1;Std_Dev "Std_Dev" true true false 16 Double 6 15 ,First,#,G:\Jagadish_2012\shankarhargh\Shankar Garh\Point_ge.shp,Std_Dev,-1,-1,G:\Jagadish_2012\shankarhargh\P S Jamuhara bhat\Point_ge.shp,Std_Dev,-1,-1,G:\Jagadish_2012\shankarhargh\PS Chandra\shankargargh10.shp,Std_Dev,-1,-1;Latitude "Latitude" true true false 36 Text 0 0 ,First,#,G:\Jagadish_2012\shankarhargh\Shankar Garh\Point_ge.shp,Latitude,-1,-1,G:\Jagadish_2012\shankarhargh\P S Jamuhara bhat\Point_ge.shp,Latitude,-1,-1,G:\Jagadish_2012\shankarhargh\PS Chandra\shankargargh10.shp,Latitude,-1,-1;Longitude "Longitude" true true false 36 Text 0 0 ,First,#,G:\Jagadish_2012\shankarhargh\Shankar Garh\Point_ge.shp,Longitude,-1,-1,G:\Jagadish_2012\shankarhargh\P S Jamuhara bhat\Point_ge.shp,Longitude,-1,-1,G:\Jagadish_2012\shankarhargh\PS Chandra\shankargargh10.shp,Longitude,-1,-1;Point_ID "Point_ID" true true false 9 Long 0 9 ,First,#,G:\Jagadish_2012\shankarhargh\Shankar Garh\Point_ge.shp,Point_ID,-1,-1,G:\Jagadish_2012\shankarhargh\P S Jamuhara bhat\Point_ge.shp,Point_ID,-1,-1,G:\Jagadish_2012\shankarhargh\PS Chandra\shankargargh10.shp,Point_ID,-1,-1"</Process><Process ToolSource="C:\Program Files\ArcGIS\Desktop10.0\ArcToolbox\Toolboxes\Data Management Tools.tbx\Merge" Date="20150428" Time="154733">Merge 'G:\Jagadish_2012\shankarhargh\Merged 164\shankargargh_164.shp';'G:\Jagadish_2012\School Data 28 April\Shankar Garh\Point_ge.shp' G:\Jagadish_2012\shankarhargh\Shankar_201\shankargargh_284.shp "Comment "Comment" true true false 32 Text 0 0 ,First,#,G:\Jagadish_2012\shankarhargh\Merged 164\shankargargh_164.shp,Comment,-1,-1,G:\Jagadish_2012\School Data 28 April\Shankar Garh\Point_ge.shp,Comment,-1,-1;Max_PDOP "Max_PDOP" true true false 5 Float 1 4 ,First,#,G:\Jagadish_2012\shankarhargh\Merged 164\shankargargh_164.shp,Max_PDOP,-1,-1,G:\Jagadish_2012\School Data 28 April\Shankar Garh\Point_ge.shp,Max_PDOP,-1,-1;Max_HDOP "Max_HDOP" true true false 5 Float 1 4 ,First,#,G:\Jagadish_2012\shankarhargh\Merged 164\shankargargh_164.shp,Max_HDOP,-1,-1,G:\Jagadish_2012\School Data 28 April\Shankar Garh\Point_ge.shp,Max_HDOP,-1,-1;Corr_Type "Corr_Type" true true false 36 Text 0 0 ,First,#,G:\Jagadish_2012\shankarhargh\Merged 164\shankargargh_164.shp,Corr_Type,-1,-1,G:\Jagadish_2012\School Data 28 April\Shankar Garh\Point_ge.shp,Corr_Type,-1,-1;Rcvr_Type "Rcvr_Type" true true false 36 Text 0 0 ,First,#,G:\Jagadish_2012\shankarhargh\Merged 164\shankargargh_164.shp,Rcvr_Type,-1,-1,G:\Jagadish_2012\School Data 28 April\Shankar Garh\Point_ge.shp,Rcvr_Type,-1,-1;GPS_Date "GPS_Date" true true false 8 Date 0 0 ,First,#,G:\Jagadish_2012\shankarhargh\Merged 164\shankargargh_164.shp,GPS_Date,-1,-1,G:\Jagadish_2012\School Data 28 April\Shankar Garh\Point_ge.shp,GPS_Date,-1,-1;GPS_Time "GPS_Time" true true false 10 Text 0 0 ,First,#,G:\Jagadish_2012\shankarhargh\Merged 164\shankargargh_164.shp,GPS_Time,-1,-1,G:\Jagadish_2012\School Data 28 April\Shankar Garh\Point_ge.shp,GPS_Time,-1,-1;Update_Sta "Update_Sta" true true false 36 Text 0 0 ,First,#,G:\Jagadish_2012\shankarhargh\Merged 164\shankargargh_164.shp,Update_Sta,-1,-1,G:\Jagadish_2012\School Data 28 April\Shankar Garh\Point_ge.shp,Update_Sta,-1,-1;Feat_Name "Feat_Name" true true false 20 Text 0 0 ,First,#,G:\Jagadish_2012\shankarhargh\Merged 164\shankargargh_164.shp,Feat_Name,-1,-1,G:\Jagadish_2012\School Data 28 April\Shankar Garh\Point_ge.shp,Feat_Name,-1,-1;Datafile "Datafile" true true false 20 Text 0 0 ,First,#,G:\Jagadish_2012\shankarhargh\Merged 164\shankargargh_164.shp,Datafile,-1,-1,G:\Jagadish_2012\School Data 28 April\Shankar Garh\Point_ge.shp,Datafile,-1,-1;Unfilt_Pos "Unfilt_Pos" true true false 10 Double 0 10 ,First,#,G:\Jagadish_2012\shankarhargh\Merged 164\shankargargh_164.shp,Unfilt_Pos,-1,-1,G:\Jagadish_2012\School Data 28 April\Shankar Garh\Point_ge.shp,Unfilt_Pos,-1,-1;Filt_Pos "Filt_Pos" true true false 10 Double 0 10 ,First,#,G:\Jagadish_2012\shankarhargh\Merged 164\shankargargh_164.shp,Filt_Pos,-1,-1,G:\Jagadish_2012\School Data 28 April\Shankar Garh\Point_ge.shp,Filt_Pos,-1,-1;Data_Dicti "Data_Dicti" true true false 20 Text 0 0 ,First,#,G:\Jagadish_2012\shankarhargh\Merged 164\shankargargh_164.shp,Data_Dicti,-1,-1,G:\Jagadish_2012\School Data 28 April\Shankar Garh\Point_ge.shp,Data_Dicti,-1,-1;GPS_Week "GPS_Week" true true false 6 Long 0 6 ,First,#,G:\Jagadish_2012\shankarhargh\Merged 164\shankargargh_164.shp,GPS_Week,-1,-1,G:\Jagadish_2012\School Data 28 April\Shankar Garh\Point_ge.shp,GPS_Week,-1,-1;GPS_Second "GPS_Second" true true false 12 Double 3 11 ,First,#,G:\Jagadish_2012\shankarhargh\Merged 164\shankargargh_164.shp,GPS_Second,-1,-1,G:\Jagadish_2012\School Data 28 April\Shankar Garh\Point_ge.shp,GPS_Second,-1,-1;GNSS_Heigh "GNSS_Heigh" true true false 16 Double 3 15 ,First,#,G:\Jagadish_2012\shankarhargh\Merged 164\shankargargh_164.shp,GNSS_Heigh,-1,-1,G:\Jagadish_2012\School Data 28 April\Shankar Garh\Point_ge.shp,GNSS_Heigh,-1,-1;Vert_Prec "Vert_Prec" true true false 16 Double 1 15 ,First,#,G:\Jagadish_2012\shankarhargh\Merged 164\shankargargh_164.shp,Vert_Prec,-1,-1,G:\Jagadish_2012\School Data 28 April\Shankar Garh\Point_ge.shp,Vert_Prec,-1,-1;Horz_Prec "Horz_Prec" true true false 16 Double 1 15 ,First,#,G:\Jagadish_2012\shankarhargh\Merged 164\shankargargh_164.shp,Horz_Prec,-1,-1,G:\Jagadish_2012\School Data 28 April\Shankar Garh\Point_ge.shp,Horz_Prec,-1,-1;Std_Dev "Std_Dev" true true false 16 Double 6 15 ,First,#,G:\Jagadish_2012\shankarhargh\Merged 164\shankargargh_164.shp,Std_Dev,-1,-1,G:\Jagadish_2012\School Data 28 April\Shankar Garh\Point_ge.shp,Std_Dev,-1,-1;Latitude "Latitude" true true false 36 Text 0 0 ,First,#,G:\Jagadish_2012\shankarhargh\Merged 164\shankargargh_164.shp,Latitude,-1,-1,G:\Jagadish_2012\School Data 28 April\Shankar Garh\Point_ge.shp,Latitude,-1,-1;Longitude "Longitude" true true false 36 Text 0 0 ,First,#,G:\Jagadish_2012\shankarhargh\Merged 164\shankargargh_164.shp,Longitude,-1,-1,G:\Jagadish_2012\School Data 28 April\Shankar Garh\Point_ge.shp,Longitude,-1,-1;Point_ID "Point_ID" true true false 9 Long 0 9 ,First,#,G:\Jagadish_2012\shankarhargh\Merged 164\shankargargh_164.shp,Point_ID,-1,-1,G:\Jagadish_2012\School Data 28 April\Shankar Garh\Point_ge.shp,Point_ID,-1,-1"</Process><Process ToolSource="C:\Program Files\ArcGIS\Desktop10.0\ArcToolbox\Toolboxes\Data Management Tools.tbx\Merge" Date="20150511" Time="172017">Merge G:\Jagadish_2012\shankarhargh\Shankar_201\shankargargh_284.shp;'G:\Jagadish_2012\Jasara merge v3\Full Data\Jasra_209.shp' "G:\Jagadish_2012\Full Bara Tehsil data\Bara_Schools.shp" "Comment "Comment" true true false 32 Text 0 0 ,First,#,G:\Jagadish_2012\shankarhargh\Shankar_201\shankargargh_284.shp,Comment,-1,-1,G:\Jagadish_2012\Jasara merge v3\Full Data\Jasra_209.shp,Comment,-1,-1;Max_PDOP "Max_PDOP" true true false 5 Float 1 4 ,First,#,G:\Jagadish_2012\shankarhargh\Shankar_201\shankargargh_284.shp,Max_PDOP,-1,-1,G:\Jagadish_2012\Jasara merge v3\Full Data\Jasra_209.shp,Max_PDOP,-1,-1;Max_HDOP "Max_HDOP" true true false 5 Float 1 4 ,First,#,G:\Jagadish_2012\shankarhargh\Shankar_201\shankargargh_284.shp,Max_HDOP,-1,-1,G:\Jagadish_2012\Jasara merge v3\Full Data\Jasra_209.shp,Max_HDOP,-1,-1;Corr_Type "Corr_Type" true true false 36 Text 0 0 ,First,#,G:\Jagadish_2012\shankarhargh\Shankar_201\shankargargh_284.shp,Corr_Type,-1,-1,G:\Jagadish_2012\Jasara merge v3\Full Data\Jasra_209.shp,Corr_Type,-1,-1;Rcvr_Type "Rcvr_Type" true true false 36 Text 0 0 ,First,#,G:\Jagadish_2012\shankarhargh\Shankar_201\shankargargh_284.shp,Rcvr_Type,-1,-1,G:\Jagadish_2012\Jasara merge v3\Full Data\Jasra_209.shp,Rcvr_Type,-1,-1;GPS_Date "GPS_Date" true true false 8 Date 0 0 ,First,#,G:\Jagadish_2012\shankarhargh\Shankar_201\shankargargh_284.shp,GPS_Date,-1,-1,G:\Jagadish_2012\Jasara merge v3\Full Data\Jasra_209.shp,GPS_Date,-1,-1;GPS_Time "GPS_Time" true true false 10 Text 0 0 ,First,#,G:\Jagadish_2012\shankarhargh\Shankar_201\shankargargh_284.shp,GPS_Time,-1,-1,G:\Jagadish_2012\Jasara merge v3\Full Data\Jasra_209.shp,GPS_Time,-1,-1;Update_Sta "Update_Sta" true true false 36 Text 0 0 ,First,#,G:\Jagadish_2012\shankarhargh\Shankar_201\shankargargh_284.shp,Update_Sta,-1,-1,G:\Jagadish_2012\Jasara merge v3\Full Data\Jasra_209.shp,Update_Sta,-1,-1;Feat_Name "Feat_Name" true true false 20 Text 0 0 ,First,#,G:\Jagadish_2012\shankarhargh\Shankar_201\shankargargh_284.shp,Feat_Name,-1,-1,G:\Jagadish_2012\Jasara merge v3\Full Data\Jasra_209.shp,Feat_Name,-1,-1;Datafile "Datafile" true true false 20 Text 0 0 ,First,#,G:\Jagadish_2012\shankarhargh\Shankar_201\shankargargh_284.shp,Datafile,-1,-1,G:\Jagadish_2012\Jasara merge v3\Full Data\Jasra_209.shp,Datafile,-1,-1;Unfilt_Pos "Unfilt_Pos" true true false 10 Double 0 10 ,First,#,G:\Jagadish_2012\shankarhargh\Shankar_201\shankargargh_284.shp,Unfilt_Pos,-1,-1,G:\Jagadish_2012\Jasara merge v3\Full Data\Jasra_209.shp,Unfilt_Pos,-1,-1;Filt_Pos "Filt_Pos" true true false 10 Double 0 10 ,First,#,G:\Jagadish_2012\shankarhargh\Shankar_201\shankargargh_284.shp,Filt_Pos,-1,-1,G:\Jagadish_2012\Jasara merge v3\Full Data\Jasra_209.shp,Filt_Pos,-1,-1;Data_Dicti "Data_Dicti" true true false 20 Text 0 0 ,First,#,G:\Jagadish_2012\shankarhargh\Shankar_201\shankargargh_284.shp,Data_Dicti,-1,-1,G:\Jagadish_2012\Jasara merge v3\Full Data\Jasra_209.shp,Data_Dicti,-1,-1;GPS_Week "GPS_Week" true true false 6 Long 0 6 ,First,#,G:\Jagadish_2012\shankarhargh\Shankar_201\shankargargh_284.shp,GPS_Week,-1,-1,G:\Jagadish_2012\Jasara merge v3\Full Data\Jasra_209.shp,GPS_Week,-1,-1;GPS_Second "GPS_Second" true true false 12 Double 3 11 ,First,#,G:\Jagadish_2012\shankarhargh\Shankar_201\shankargargh_284.shp,GPS_Second,-1,-1,G:\Jagadish_2012\Jasara merge v3\Full Data\Jasra_209.shp,GPS_Second,-1,-1;GNSS_Heigh "GNSS_Heigh" true true false 16 Double 3 15 ,First,#,G:\Jagadish_2012\shankarhargh\Shankar_201\shankargargh_284.shp,GNSS_Heigh,-1,-1,G:\Jagadish_2012\Jasara merge v3\Full Data\Jasra_209.shp,GNSS_Heigh,-1,-1;Vert_Prec "Vert_Prec" true true false 16 Double 1 15 ,First,#,G:\Jagadish_2012\shankarhargh\Shankar_201\shankargargh_284.shp,Vert_Prec,-1,-1,G:\Jagadish_2012\Jasara merge v3\Full Data\Jasra_209.shp,Vert_Prec,-1,-1;Horz_Prec "Horz_Prec" true true false 16 Double 1 15 ,First,#,G:\Jagadish_2012\shankarhargh\Shankar_201\shankargargh_284.shp,Horz_Prec,-1,-1,G:\Jagadish_2012\Jasara merge v3\Full Data\Jasra_209.shp,Horz_Prec,-1,-1;Std_Dev "Std_Dev" true true false 16 Double 6 15 ,First,#,G:\Jagadish_2012\shankarhargh\Shankar_201\shankargargh_284.shp,Std_Dev,-1,-1,G:\Jagadish_2012\Jasara merge v3\Full Data\Jasra_209.shp,Std_Dev,-1,-1;Latitude "Latitude" true true false 36 Text 0 0 ,First,#,G:\Jagadish_2012\shankarhargh\Shankar_201\shankargargh_284.shp,Latitude,-1,-1,G:\Jagadish_2012\Jasara merge v3\Full Data\Jasra_209.shp,Latitude,-1,-1;Longitude "Longitude" true true false 36 Text 0 0 ,First,#,G:\Jagadish_2012\shankarhargh\Shankar_201\shankargargh_284.shp,Longitude,-1,-1,G:\Jagadish_2012\Jasara merge v3\Full Data\Jasra_209.shp,Longitude,-1,-1;Point_ID "Point_ID" true true false 9 Long 0 9 ,First,#,G:\Jagadish_2012\shankarhargh\Shankar_201\shankargargh_284.shp,Point_ID,-1,-1,G:\Jagadish_2012\Jasara merge v3\Full Data\Jasra_209.shp,Point_ID,-1,-1"</Process></lineage></DataProperties><SyncDate>20150511</SyncDate><SyncTime>17201600</SyncTime><ModDate>20150511</ModDate><ModTime>17201600</ModTime></Esri><dataIdInfo><envirDesc Sync="TRUE">Microsoft Windows Server 2008 R2 Version 6.1 (Build 7600) ; ESRI ArcGIS 10.0.0.2414</envirDesc><dataLang><languageCode value="eng" country="USA"></languageCode></dataLang><idCitation><resTitle Sync="TRUE">Bara_Schools</resTitle><presForm><PresFormCd value="005"></PresFormCd></presForm></idCitation><descKeys><thesaName uuidref="723f6998-058e-11dc-8314-0800200c9a66"></thesaName><keyword Sync="TRUE">002</keyword></descKeys><spatRpType><SpatRepTypCd value="001"></SpatRepTypCd></spatRpType></dataIdInfo><mdLang><languageCode value="eng"></languageCode></mdLang><mdChar><CharSetCd value="004"></CharSetCd></mdChar><distInfo><distFormat><formatName Sync="TRUE">Shapefile</formatName></distFormat><distTranOps><transSize Sync="TRUE">0.000</transSize></distTranOps></distInfo><mdHrLv><ScopeCd value="005"></ScopeCd></mdHrLv><mdHrLvName Sync="TRUE">dataset</mdHrLvName><refSysInfo><RefSystem><refSysID><identCode code="4326"></identCode><idCodeSpace Sync="TRUE">EPSG</idCodeSpace><idVersion Sync="TRUE">7.4.1</idVersion></refSysID></RefSystem></refSysInfo><spdoinfo><ptvctinf><esriterm Name="Bara_Schools"><efeatyp Sync="TRUE">Simple</efeatyp><efeageom Sync="TRUE">1</efeageom><esritopo Sync="TRUE">FALSE</esritopo><efeacnt Sync="TRUE">0</efeacnt><spindex Sync="TRUE">FALSE</spindex><linrefer Sync="TRUE">TRUE</linrefer></esriterm></ptvctinf></spdoinfo><spatRepInfo><VectSpatRep><topLvl><TopoLevCd value="001"></TopoLevCd></topLvl><geometObjs><geoObjTyp><GeoObjTypCd value="004"></GeoObjTypCd><geoObjCnt Sync="TRUE">0</geoObjCnt></geoObjTyp></geometObjs></VectSpatRep></spatRepInfo><eainfo><detailed Name="Bara_Schools"><enttyp><enttypl Sync="TRUE">Bara_Schools</enttypl><enttypt Sync="TRUE">Feature Class</enttypt><enttypc Sync="TRUE">0</enttypc></enttyp><attr><attrlabl Sync="TRUE">FID</attrlabl><attalias Sync="TRUE">FID</attalias><attrtype Sync="TRUE">OID</attrtype><attwidth Sync="TRUE">4</attwidth><atprecis Sync="TRUE">0</atprecis><attscale Sync="TRUE">0</attscale><attrdef Sync="TRUE">Internal feature number.</attrdef><attrdefs Sync="TRUE">ESRI</attrdefs><attrdomv><udom Sync="TRUE">Sequential unique whole numbers that are automatically generated.</udom></attrdomv></attr><attr><attrlabl Sync="TRUE">Shape</attrlabl><attalias Sync="TRUE">Shape</attalias><attrtype Sync="TRUE">Geometry</attrtype><attwidth Sync="TRUE">0</attwidth><atprecis Sync="TRUE">0</atprecis><attscale Sync="TRUE">0</attscale><attrdef Sync="TRUE">Feature geometry.</attrdef><attrdefs Sync="TRUE">ESRI</attrdefs><attrdomv><udom Sync="TRUE">Coordinates defining the features.</udom></attrdomv></attr><attr><attrlabl Sync="TRUE">Comment</attrlabl><attalias Sync="TRUE">Comment</attalias><attrtype Sync="TRUE">String</attrtype><attwidth Sync="TRUE">32</attwidth><atprecis Sync="TRUE">0</atprecis><attscale Sync="TRUE">0</attscale></attr><attr><attrlabl Sync="TRUE">Max_PDOP</attrlabl><attalias Sync="TRUE">Max_PDOP</attalias><attrtype Sync="TRUE">Single</attrtype><attwidth Sync="TRUE">5</attwidth><atprecis Sync="TRUE">4</atprecis><attscale Sync="TRUE">1</attscale></attr><attr><attrlabl Sync="TRUE">Max_HDOP</attrlabl><attalias Sync="TRUE">Max_HDOP</attalias><attrtype Sync="TRUE">Single</attrtype><attwidth Sync="TRUE">5</attwidth><atprecis Sync="TRUE">4</atprecis><attscale Sync="TRUE">1</attscale></attr><attr><attrlabl Sync="TRUE">Corr_Type</attrlabl><attalias Sync="TRUE">Corr_Type</attalias><attrtype Sync="TRUE">String</attrtype><attwidth Sync="TRUE">36</attwidth><atprecis Sync="TRUE">0</atprecis><attscale Sync="TRUE">0</attscale></attr><attr><attrlabl Sync="TRUE">Rcvr_Type</attrlabl><attalias Sync="TRUE">Rcvr_Type</attalias><attrtype Sync="TRUE">String</attrtype><attwidth Sync="TRUE">36</attwidth><atprecis Sync="TRUE">0</atprecis><attscale Sync="TRUE">0</attscale></attr><attr><attrlabl Sync="TRUE">GPS_Date</attrlabl><attalias Sync="TRUE">GPS_Date</attalias><attrtype Sync="TRUE">Date</attrtype><attwidth Sync="TRUE">8</attwidth><atprecis Sync="TRUE">0</atprecis><attscale Sync="TRUE">0</attscale></attr><attr><attrlabl Sync="TRUE">GPS_Time</attrlabl><attalias Sync="TRUE">GPS_Time</attalias><attrtype Sync="TRUE">String</attrtype><attwidth Sync="TRUE">10</attwidth><atprecis Sync="TRUE">0</atprecis><attscale Sync="TRUE">0</attscale></attr><attr><attrlabl Sync="TRUE">Update_Sta</attrlabl><attalias Sync="TRUE">Update_Sta</attalias><attrtype Sync="TRUE">String</attrtype><attwidth Sync="TRUE">36</attwidth><atprecis Sync="TRUE">0</atprecis><attscale Sync="TRUE">0</attscale></attr><attr><attrlabl Sync="TRUE">Feat_Name</attrlabl><attalias Sync="TRUE">Feat_Name</attalias><attrtype Sync="TRUE">String</attrtype><attwidth Sync="TRUE">20</attwidth><atprecis Sync="TRUE">0</atprecis><attscale Sync="TRUE">0</attscale></attr><attr><attrlabl Sync="TRUE">Datafile</attrlabl><attalias Sync="TRUE">Datafile</attalias><attrtype Sync="TRUE">String</attrtype><attwidth Sync="TRUE">20</attwidth><atprecis Sync="TRUE">0</atprecis><attscale Sync="TRUE">0</attscale></attr><attr><attrlabl Sync="TRUE">Unfilt_Pos</attrlabl><attalias Sync="TRUE">Unfilt_Pos</attalias><attrtype Sync="TRUE">Double</attrtype><attwidth Sync="TRUE">10</attwidth><atprecis Sync="TRUE">10</atprecis><attscale Sync="TRUE">0</attscale></attr><attr><attrlabl Sync="TRUE">Filt_Pos</attrlabl><attalias Sync="TRUE">Filt_Pos</attalias><attrtype Sync="TRUE">Double</attrtype><attwidth Sync="TRUE">10</attwidth><atprecis Sync="TRUE">10</atprecis><attscale Sync="TRUE">0</attscale></attr><attr><attrlabl Sync="TRUE">Data_Dicti</attrlabl><attalias Sync="TRUE">Data_Dicti</attalias><attrtype Sync="TRUE">String</attrtype><attwidth Sync="TRUE">20</attwidth><atprecis Sync="TRUE">0</atprecis><attscale Sync="TRUE">0</attscale></attr><attr><attrlabl Sync="TRUE">GPS_Week</attrlabl><attalias Sync="TRUE">GPS_Week</attalias><attrtype Sync="TRUE">Integer</attrtype><attwidth Sync="TRUE">6</attwidth><atprecis Sync="TRUE">6</atprecis><attscale Sync="TRUE">0</attscale></attr><attr><attrlabl Sync="TRUE">GPS_Second</attrlabl><attalias Sync="TRUE">GPS_Second</attalias><attrtype Sync="TRUE">Double</attrtype><attwidth Sync="TRUE">12</attwidth><atprecis Sync="TRUE">11</atprecis><attscale Sync="TRUE">3</attscale></attr><attr><attrlabl Sync="TRUE">GNSS_Heigh</attrlabl><attalias Sync="TRUE">GNSS_Heigh</attalias><attrtype Sync="TRUE">Double</attrtype><attwidth Sync="TRUE">16</attwidth><atprecis Sync="TRUE">15</atprecis><attscale Sync="TRUE">3</attscale></attr><attr><attrlabl Sync="TRUE">Vert_Prec</attrlabl><attalias Sync="TRUE">Vert_Prec</attalias><attrtype Sync="TRUE">Double</attrtype><attwidth Sync="TRUE">16</attwidth><atprecis Sync="TRUE">15</atprecis><attscale Sync="TRUE">1</attscale></attr><attr><attrlabl Sync="TRUE">Horz_Prec</attrlabl><attalias Sync="TRUE">Horz_Prec</attalias><attrtype Sync="TRUE">Double</attrtype><attwidth Sync="TRUE">16</attwidth><atprecis Sync="TRUE">15</atprecis><attscale Sync="TRUE">1</attscale></attr><attr><attrlabl Sync="TRUE">Std_Dev</attrlabl><attalias Sync="TRUE">Std_Dev</attalias><attrtype Sync="TRUE">Double</attrtype><attwidth Sync="TRUE">16</attwidth><atprecis Sync="TRUE">15</atprecis><attscale Sync="TRUE">6</attscale></attr><attr><attrlabl Sync="TRUE">Latitude</attrlabl><attalias Sync="TRUE">Latitude</attalias><attrtype Sync="TRUE">String</attrtype><attwidth Sync="TRUE">36</attwidth><atprecis Sync="TRUE">0</atprecis><attscale Sync="TRUE">0</attscale></attr><attr><attrlabl Sync="TRUE">Longitude</attrlabl><attalias Sync="TRUE">Longitude</attalias><attrtype Sync="TRUE">String</attrtype><attwidth Sync="TRUE">36</attwidth><atprecis Sync="TRUE">0</atprecis><attscale Sync="TRUE">0</attscale></attr><attr><attrlabl Sync="TRUE">Point_ID</attrlabl><attalias Sync="TRUE">Point_ID</attalias><attrtype Sync="TRUE">Integer</attrtype><attwidth Sync="TRUE">9</attwidth><atprecis Sync="TRUE">9</atprecis><attscale Sync="TRUE">0</attscale></attr></detailed></eainfo><mdDateSt Sync="TRUE">20150511</mdDateSt></metadata>
